Institution Code,Institution Name,State,City,Website,University Type
C-59634,"061-PT. SRI JAGANNATH PRASAD MAHAVIDHYALAYA,DABRAI,SAMSHABAD,AGRA",Uttar Pradesh,Agra,WWW.JPCOLLEGE.IN.COM,State Public University
C-8913,"100002-J.D.M.V.P. SAMAJ'S SHRI S. S. PATIL ARTS, SHRI BHAUSAHEB T.T. SALUNKHE COMMERCE AND SHRI G. R. PANDIT  SCIENCE COLLEGE, JALGAON TAL. JALGAON DIST. JALGAON",Maharashtra,Jalgaon,http://www.jdmvpascjal.ac.in,State Public University
C-8922,"100004-Khandesh College Education Society'S College of Education And Physical Education, JALGAON.",Maharashtra,Jalgaon,www.coe.kces.in,State Public University
C-9030,"100005-KCES'S S.S.MANIYAR LAW COLLEGE, JALGAON.",Maharashtra,Jalgaon,https://ssmlc.kces.in,State Public University
C-9025,"100006-KRIDA RASIK EDUCATION SOCIETY INSTITUTE OF MANAGEMENT & RESEARCH JALGAON SANCHALIT ADV.SITARAM (BABANBHAU) ANANDRAMJI BAHETI ARTS,COMMERCE&SCIENCE COLLEGE, JALGAON",Maharashtra,Jalgaon,www.sabaheticollege.org,State Public University
C-8977,"100007-SSBT'S COLLEGE OF ENGINEERING & TECHNOLOGY, BAMBHORI.",Maharashtra,Jalgaon,www.sscoetjalgaon.ac.in,State Public University
C-8876,"100008-SES'S COLLEGE OF PHYSICAL EDUCATION, JALGAON.",Maharashtra,Jalgaon,www.bped.jal.org,State Public University
C-8940,"100009- IQRA EDUCATION SOCIETY'S H.J.THIM COLLEGE OF ARTS AND SCIENCE MEHRUN, JALGAON.",Maharashtra,Jalgaon,www.iqrahjtc.in,State Public University
C-9027,"100010-KCES'S INSTITUTE OF MANAGEMENT & RESEARCH, JALGAON.",Maharashtra,Jalgaon,www.imr.ac.in,State Public University
C-8833,"100043-IES'S IQRA COLLEGE OF EDUCATION, MEHRUN.",Maharashtra,Jalgaon,www.iqrabed.co.in,State Public University
C-8918,"100055-DHANAJI NANA CHAUDHARI VIDYA PRABODHINI SANCHALIT LOKSEVAK MADHUKARRAO CHAUDHARI COLLEGE OF SOCIAL WORK, JALGAON.",Maharashtra,Jalgaon,www.lmccsw.edu.in,State Public University
C-8862,"100062-KHASHABA APANG KRIDA PRASHIKSHAN SANSHTA'S COMMERCE AND SCIENCE COLLEGE, JALGAON DIST JALGAON",Maharashtra,Jalgaon,www.vpjal.org,State Public University
C-8836,"100063-GF'S GODAVARI COLLEGE OF ENGINEERING, JALGAON",Maharashtra,Jalgaon,www.gfgcoe.ac.in,State Public University
C-8907,"100066-Dhanaji Nana Chaudhari Vidya Prabodhini Sanchalit Shirish Madhukarrao Chaudhari College, Jalgaon",Maharashtra,Jalgaon,www.dncvp.org,State Public University
